Noise (dB),Green Space (%),Walkability,Rent ($),cluster,cluster_name,cluster_color,n_neighborhoods,noise_norm,green_norm,walk_norm,rent_norm
48.69428571428571,43.989999999999995,60.034285714285716,1993.3557142857142,0,🟢 Green Suburbs (Quiet + Green),#1565C0,7,0.0,1.0,0.48,0.536
65.88333333333334,16.60666666666667,83.36,2616.3483333333334,1,🔴 Urban Core (Noisy + Walkable),#C62828,6,0.727,0.287,1.0,1.0
72.33500000000001,5.574999999999999,38.515,1274.3899999999999,2,⚫ Industrial Zone (Noisy + Sparse),#2E7D32,2,1.0,0.0,0.0,0.0
