,PC1_loading,PC2_loading,variance_explained
Noise,0.551110277442222,-0.43659776009276935,PC1: 58.5%
Green Space,-0.5425044233711016,0.45285336921071917,PC2: 37.1%
Walkability,0.48187940707916516,0.5007450531205689,
Rent,0.4120177784433313,0.5946096313143227,
