,PC1_loading,PC2_loading,variance_explained
PM2.5,-0.5462646227180991,0.08814337297297994,PC1: 41.6%
Temperature,0.6589989390644113,0.3228496390552442,PC2: 40.4%
WBGT,0.13545974439784178,0.7725297589366378,
Humidity,-0.4989649465907443,0.5396263780803761,
